﻿Designator,Quantity,Value,Footprint,Package,MPN,DNP,Mount_Type,Description,MF,MAXIMUM_PACKAGE_HEIGHT,Price,Check_prices,STANDARD,PARTREV,SnapEDA_Link,MP,Description_1,MANUFACTURER,Availability,SNAPEDA_PN
J1,1,Conn_01x02_Pin,PinHeader_1x02_P2.54mm_Vertical,,,,tht,"Generic connector, single row, 01x02, script generated",,,,,,,,,,,,
J2,1,AVR-JTAG-10,IDC-Header_2x05_P2.54mm_Vertical,,,,tht,Atmel 10-pin JTAG connector,,,,,,,,,,,,
"SW1, SW2, SW3",3,SW_Push,SW_PUSH_6mm_H5mm,,,,tht,"Push button switch, generic, two pins",,,,,,,,,,,,
U1,1,~,PinHeader_1x06_P2.54mm_Vertical,,,,tht,,,,,,,,,,,,,
USBPower1,1,~,PinHeader_1x04_P2.54mm_Vertical,,,,tht,,,,,,,,,,,,,
V1,1,ESP32-DEVKITC-32D,38 Pin Board,None,,,tht,,Espressif Systems,N/A,None,https://www.snapeda.com/parts/ESP32-DEVKITC-32D/Espressif+Systems/view-part/?ref=eda,Manufacturer Recommendations,V4,https://www.snapeda.com/parts/ESP32-DEVKITC-32D/Espressif+Systems/view-part/?ref=snap,ESP32-DEVKITC-32D,"
WiFi Development Tools (802.11) ESP32 General Development Kit, ESP32-WROOM-32D on the board
",Espressif Systems,In Stock,ESP32-DEVKITC-32D
V2,1,ESP32-DEVKITC-32D,38 Pin Board thin,None,,,tht,,Espressif Systems,N/A,None,https://www.snapeda.com/parts/ESP32-DEVKITC-32D/Espressif+Systems/view-part/?ref=eda,Manufacturer Recommendations,V4,https://www.snapeda.com/parts/ESP32-DEVKITC-32D/Espressif+Systems/view-part/?ref=snap,ESP32-DEVKITC-32D,"
WiFi Development Tools (802.11) ESP32 General Development Kit, ESP32-WROOM-32D on the board
",Espressif Systems,In Stock,ESP32-DEVKITC-32D
"tft1, tft2, tft3, tft4, tft5",5,~,PinHeader_1x07_P2.54mm_Vertical,,,,tht,,,,,,,,,,,,,
