﻿pos_x,pos_y,rotation,side,designator,mpn,pack,footprint,value,mount_type
144.78,-65.532,-90.0,top,J1,,,PinHeader_1x02_P2.54mm_Vertical,Conn_01x02_Pin,tht
134.62,-63.3825,-90.0,top,J2,,,IDC-Header_2x05_P2.54mm_Vertical,AVR-JTAG-10,tht
171.25,-81.75,0.0,top,SW1,,,SW_PUSH_6mm_H5mm,SW_Push,tht
185.375,-81.875,0.0,top,SW2,,,SW_PUSH_6mm_H5mm,SW_Push,tht
199.5,-82.0,0.0,top,SW3,,,SW_PUSH_6mm_H5mm,SW_Push,tht
116.078,-62.86,-90.0,top,U1,,,PinHeader_1x06_P2.54mm_Vertical,~,tht
156.615,-71.0,90.0,bottom,USBPower1,,,PinHeader_1x04_P2.54mm_Vertical,~,tht
72.97,-75.7375,-90.0,bottom,V1,,None,38 Pin Board,ESP32-DEVKITC-32D,tht
72.97,-78.13,-90.0,bottom,V2,,None,38 Pin Board thin,ESP32-DEVKITC-32D,tht
47.4975,-74.25,90.0,top,tft1,,,PinHeader_1x07_P2.54mm_Vertical,~,tht
86.48875,-74.25,90.0,top,tft2,,,PinHeader_1x07_P2.54mm_Vertical,~,tht
125.48,-74.25,90.0,top,tft3,,,PinHeader_1x07_P2.54mm_Vertical,~,tht
164.47125,-74.25,90.0,top,tft4,,,PinHeader_1x07_P2.54mm_Vertical,~,tht
203.4625,-74.25,90.0,top,tft5,,,PinHeader_1x07_P2.54mm_Vertical,~,tht
